{
  "Np236": 198952718.20228392,
  "Cm244": 217926766.88448203,
  "Pu236": 208679081.72160652,
  "Pu242": 212072186.50565082,
  "Pa233": 194162901.71835947,
  "Th231": 186918512.14598972,
  "Cm240": 219583368.40646642,
  "Am240": 215272544.02927735,
  "U238": 206851381.70909396,
  "U231": 197643438.24939737,
  "Bk245": 225023484.65451327,
  "Pu239": 207680205.38723323,
  "U236": 203404311.87546986,
  "Bk246": 224446497.874413,
  "Cm248": 221723145.3723629,
  "Np238": 208699370.90691367,
  "Cm246": 220179493.9541502,
  "Pu240": 208612566.66049656,
  "Cm249": 218622037.52325428,
  "Th233": 185840570.73897627,
  "Cf253": 231148831.53210822,
  "Bk247": 224883761.19281054,
  "Pu243": 207499380.63776916,
  "Cf246": 229074942.12674516,
  "Cf250": 229685291.02082983,
  "Pa229": 194955644.11334947,
  "U239": 196182721.4907133,
  "Fm255": 238051756.2074275,
  "Cm241": 219075406.6897822,
  "Pa231": 194099942.4938497,
  "U241": 198266755.4887299,
  "Cf248": 229015120.40511796,
  "Pa230": 194744699.33621296,
  "Am242_m1": 215145370.5791048,
  "Th230": 188666101.25156796,
  "U240": 207137940.30569986,
  "Cf252": 230239896.94703457,
  "Th229": 192235847.44789958,
  "Th228": 189488754.50737157,
  "Pa232": 193654730.8348164,
  "Cm247": 218956599.9139631,
  "Cf251": 223166396.6983342,
  "U232": 193044277.35730234,
  "Am241": 211216798.63643932,
  "Np234": 200175925.99275926,
  "Np237": 205370480.34853214,
  "Ac225": 183891658.531768,
  "Bk249": 224740691.06136644,
  "Ac226": 183632605.3770991,
  "Am243": 212952778.98135212,
  "U234": 200632850.9958874,
  "Am242": 215146730.16368726,
  "Pu237": 210593272.23024797,
  "Bk248": 224456537.88363716,
  "Ac227": 183458264.80025893,
  "U233": 200006396.25367233,
  "U230": 198841127.68309468,
  "Pu244": 208427244.82356748,
  "Cm245": 214624022.18345505,
  "Am244": 213894761.9301219,
  "Cm250": 219425761.1783332,
  "U235": 202270000.0,
  "Np236_m1": 198952718.20228392,
  "Th234": 186385345.82281572,
  "Pu241": 211237715.32232296,
  "Cm242": 212786491.32857716,
  "Cf254": 230600814.3619568,
  "Cf249": 221434495.10716867,
  "U237": 196429642.96756968,
  "Es254": 232527659.46555784,
  "Np235": 199435370.72904894,
  "Am244_m1": 213894761.9301219,
  "Th232": 197108389.42449385,
  "Bk250": 225432928.78068554,
  "Pu238": 209540012.5125772,
  "Np239": 198519429.0542043,
  "Pu246": 208860847.72193536,
  "Th227": 190640950.14927194,
  "Cm243": 213375296.0362017
}